,0
0,b'STC001TFa'
1,b'STC001THa'
2,b'STC001TIa'
3,b'STC001TJa'
4,b'STC001TKa'
5,b'STC001TMa'
6,b'STC001TNa'
7,b'STC001TPa'
8,b'STC001TQa'
9,b'STC001TRa'
10,b'STC001TSa'
11,b'STC001TTa'
12,b'STC001TUa'
13,b'STC001TVa'
14,b'STC001TWa'
15,b'STC001TYa'
16,b'STC001TZa'
17,b'STC001U0a'
18,b'STC001U1a'
19,b'STC001U2a'
20,b'STC001U3a'
21,b'STC001U4a'
22,b'STC001U5a'
23,b'STC001U6a'
24,b'STC001U7a'
25,b'STC001U8a'
26,b'STC001U9a'
27,b'STC001UAa'
28,b'STC001UBa'
29,b'STC001UCa'
30,b'STC001UDa'
31,b'STC001UEa'
32,b'STC001UFa'
33,b'STC001UGa'
34,b'STC001UHa'
35,b'STC001UIa'
36,b'STC001UKa'
37,b'STC001ULa'
38,b'STC001UMa'
39,b'STC001UNa'
40,b'STC001UOa'
41,b'STC001UPa'
42,b'STC001UQa'
43,b'STC001URa'
44,b'STC001USa'
45,b'STC001UTa'
46,b'STC001UUa'
47,b'STC001UVa'
48,b'STC001UWa'
49,b'STC001UXa'
50,b'STC001UYa'
51,b'STC001UZa'
52,b'STC001Uaa'
53,b'STC001Uba'
54,b'STC001Uca'
55,b'STC001Uda'
56,b'STC001Uea'
57,b'STC001Ufa'
58,b'STC001Uga'
59,b'STC001Uha'
60,b'STC001Uia'
61,b'STC001Uja'
62,b'STC001Uka'
63,b'STC001Ula'
64,b'STC001Uma'
65,b'STC001Una'
66,b'STC001Uoa'
67,b'STC001Upa'
68,b'STC001Uqa'
69,b'STC001Ura'
70,b'STC001Usa'
71,b'STC001Uta'
72,b'STC001Uua'
73,b'STC001Uva'
74,b'STC001Uwa'
75,b'STC001Uxa'
76,b'STC001Uya'
77,b'STC001Uza'
78,b'STC001V0a'
79,b'STC001V1a'
80,b'STC001V2a'
81,b'STC001V3a'
82,b'STC001V4a'
83,b'STC001V5a'
84,b'STC001V6a'
85,b'STC001V7a'
86,b'STC001V9a'
87,b'STC001VAa'
88,b'STC001VBa'
89,b'STC001VCa'
90,b'STC001VDa'
91,b'STC001VEa'
92,b'STC001VFa'
93,b'STC001VGa'
94,b'STC001VHa'
95,b'STC001VIa'
96,b'STC001VJa'
97,b'STC001VKa'
98,b'STC001VLa'
99,b'STC001VMa'
100,b'STC001VOa'
101,b'STC001VPa'
102,b'STC001VQa'
103,b'STC001VRa'
104,b'STC001VSa'
105,b'STC001VTa'
106,b'STC001VUa'
107,b'STC001VVa'
108,b'STC001VWa'
109,b'STC001VXa'
110,b'STC001VYa'
111,b'STC001VZa'
112,b'STC001Vaa'
113,b'STC001Vba'
114,b'STC001Vca'
115,b'STC001Vda'
116,b'STC001Vea'
117,b'STC001Vga'
118,b'STC001Vha'
119,b'STC001Via'
120,b'STC001Vja'
121,b'STC001Vka'
122,b'STC001Vla'
123,b'STC001Vma'
124,b'STC001Vna'
125,b'STC001Voa'
126,b'STC001Vpa'
127,b'STC001Vqa'
128,b'STC001Vra'
129,b'STC001Vsa'
130,b'STC001Vta'
131,b'STC001Vwa'
132,b'STC001Vya'
133,b'STC001W0a'
134,b'STC001W1a'
135,b'STC001W2a'
136,b'STC001W3a'
137,b'STC001W5a'
138,b'STC001W6a'
139,b'STC001W7a'
140,b'STC001W8a'
141,b'STC001W9a'
142,b'STC001WAa'
143,b'STC001WBa'
144,b'STC001WCa'
145,b'STC001WDa'
146,b'STC001WEa'
147,b'STC001WFa'
148,b'STC001WGa'
149,b'STC001WHa'
150,b'STC001WIa'
151,b'STC001WJa'
152,b'STC001WKa'
153,b'STC001WMa'
154,b'STC001WNa'
155,b'STC001WOa'
156,b'STC001WPa'
157,b'STC001WQa'
158,b'STC001WRa'
159,b'STC001WTa'
160,b'STC001WUa'
161,b'STC001WWa'
162,b'STC001WXa'
163,b'STC001WYa'
164,b'STC001WZa'
165,b'STC001Waa'
166,b'STC001Wba'
167,b'STC001Wca'
168,b'STC001Wda'
169,b'STC001Wea'
170,b'STC001Wfa'
171,b'STC001Wga'
172,b'STC001Wha'
173,b'STC001Wia'
174,b'STC001Wja'
175,b'STC001Wka'
176,b'STC001Wla'
177,b'STC001Wma'
178,b'STC001Wna'
179,b'STC001Woa'
180,b'STC001Wpa'
181,b'STC001Wqa'
182,b'STC001Wra'
183,b'STC001Wsa'
184,b'STC001Wta'
185,b'STC001Wua'
186,b'STC001Wva'
187,b'STC001Wwa'
188,b'STC001Wxa'
189,b'STC001Wya'
190,b'STC001Wza'
191,b'STC001X0a'
192,b'STC001X1a'
193,b'STC001X2a'
194,b'STC001X3a'
195,b'STC001X5a'
196,b'STC001X6a'
197,b'STC001X7a'
198,b'STC001X8a'
199,b'STC001X9a'
200,b'STC001XAa'
201,b'STC001XBa'
202,b'STC001XCa'
203,b'STC001XDa'
204,b'STC001XEa'
205,b'STC001XFa'
206,b'STC001XGa'
207,b'STC001XHa'
208,b'STC001XJa'
209,b'STC001XKa'
210,b'STC001XLa'
211,b'STC001XMa'
212,b'STC001XNa'
213,b'STC001XOa'
214,b'STC001XRa'
215,b'STC001XSa'
216,b'STC001XTa'
217,b'STC001XUa'
218,b'STC001XVa'
219,b'STC001XWa'
220,b'STC001XXa'
221,b'STC001XYa'
222,b'STC001XZa'
223,b'STC001Xaa'
224,b'STC001Xba'
225,b'STC001Xca'
226,b'STC001Xfa'
227,b'STC001Xga'
228,b'STC001Xha'
229,b'STC001Xia'
230,b'STC001Xja'
231,b'STC001Xka'
232,b'STC001Xla'
233,b'STC001Xma'
234,b'STC001Xna'
235,b'STC001Xoa'
236,b'STC001Xpa'
237,b'STC001Xqa'
238,b'STC001Xra'
239,b'STC001Xta'
240,b'STC001Xua'
241,b'STC001Xva'
242,b'STC001Xwa'
243,b'STC001Xxa'
244,b'STC001Xya'
245,b'STC001Xza'
246,b'STC001Y0a'
247,b'STC001Y1a'
248,b'STC001Y2a'
249,b'STC001Y3a'
250,b'STC001Y4a'
251,b'STC001Y5a'
252,b'STC001Y6a'
253,b'STC001Y7a'
254,b'STC001Y8a'
255,b'STC001Y9a'
256,b'STC001YAa'
257,b'STC001YBa'
258,b'STC001YCa'
259,b'STC001YDa'
260,b'STC001YEa'
261,b'STC001YFa'
262,b'STC001YGa'
263,b'STC001YIa'
264,b'STC001YJa'
265,b'STC001YKa'
266,b'STC001YLa'
267,b'STC001YMa'
268,b'STC001YOa'
269,b'STC001YPa'
270,b'STC001YQa'
271,b'STC001YRa'
272,b'STC001YSa'
273,b'STC001YTa'
274,b'STC001YUa'
275,b'STC001YVa'
276,b'STC001YWa'
277,b'STC001YXa'
278,b'STC001YYa'
279,b'STC001YZa'
280,b'STC001Yaa'
281,b'STC001Yba'
282,b'STC001Yca'
283,b'STC001Yda'
284,b'STC001Yea'
285,b'STC001Yfa'
286,b'STC001Yha'
287,b'STC001Yia'
288,b'STC001Yka'
289,b'STC001Yma'
290,b'STC001Yna'
291,b'STC001Yoa'
292,b'STC001Ypa'
293,b'STC001Yqa'
294,b'STC001Yra'
295,b'STC001Ysa'
296,b'STC001Yta'
297,b'STC001Yua'
298,b'STC001Yva'
299,b'STC001Ywa'
300,b'STC001Yxa'
301,b'STC001Yya'
302,b'STC001Yza'
303,b'STC001Z0a'
304,b'STC001Z1a'
305,b'STC001Z3a'
306,b'STC001Z4a'
307,b'STC001Z5a'
308,b'STC001Z6a'
309,b'STC001Z7a'
310,b'STC001Z8a'
311,b'STC001Z9a'
312,b'STC001ZAa'
313,b'STC001ZBa'
314,b'STC001ZDa'
315,b'STC001ZEa'
316,b'STC001ZFa'
317,b'STC001ZGa'
318,b'STC001ZHa'
319,b'STC001ZIa'
320,b'STC001ZJa'
321,b'STC001ZKa'
322,b'STC001ZLa'
323,b'STC001ZMa'
324,b'STC001ZNa'
325,b'STC001ZOa'
326,b'STC001ZPa'
327,b'STC001ZQa'
328,b'STC001ZRa'
329,b'STC001ZSa'
330,b'STC001ZTa'
331,b'STC001ZUa'
332,b'STC001ZVa'
333,b'STC001ZWa'
334,b'STC001ZXa'
335,b'STC001ZYa'
336,b'STC001ZZa'
337,b'STC001Zaa'
338,b'STC001Zba'
339,b'STC001Zca'
340,b'STC001Zda'
341,b'STC001Zea'
342,b'STC001Zfa'
343,b'STC001Zga'
344,b'STC001Zha'
345,b'STC001Zia'
346,b'STC001Zja'
347,b'STC001Zka'
348,b'STC001Zla'
349,b'STC001Zma'
350,b'STC001Zna'
351,b'STC001Zoa'
352,b'STC001Zpa'
353,b'STC001Zqa'
354,b'STC001Zra'
355,b'STC001Zsa'
356,b'STC001Zta'
357,b'STC001Zua'
358,b'STC001Zva'
359,b'STC001Zwa'
360,b'STC001Zxa'
361,b'STC001Zya'
362,b'STC001Zza'
363,b'STC00200a'
364,b'STC00201a'
365,b'STC00202a'
366,b'STC00203a'
367,b'STC00204a'
368,b'STC00205a'
369,b'STC00207a'
370,b'STC00208a'
371,b'STC00209a'
372,b'STC0020Aa'
373,b'STC0020Ba'
374,b'STC0020Ca'
375,b'STC0020Da'
376,b'STC0020Ea'
377,b'STC0020Fa'
378,b'STC0020Ga'
379,b'STC0020Ha'
380,b'STC0020Ia'
381,b'STC0020Ja'
382,b'STC0020Ka'
383,b'STC0020La'
384,b'STC0020Ma'
385,b'STC0020Na'
386,b'STC0020Oa'
387,b'STC0020Pa'
388,b'STC0020Qa'
389,b'STC0020Ra'
390,b'STC0020Sa'
391,b'STC0020Ta'
392,b'STC0020Ua'
393,b'STC0020Va'
394,b'STC0020Wa'
395,b'STC0020Xa'
396,b'STC0020Ya'
397,b'STC0020Za'
398,b'STC0020aa'
399,b'STC0020ba'
400,b'STC0020ca'
401,b'STC0020da'
402,b'STC0020ea'
403,b'STC0020fa'
404,b'STC0020ga'
405,b'STC0020ha'
406,b'STC0020ia'
407,b'STC0020ja'
408,b'STC0020ka'
409,b'STC0020la'
410,b'STC0020ma'
411,b'STC0020oa'
412,b'STC0020pa'
413,b'STC0020qa'
414,b'STC0020ra'
415,b'STC0020sa'
416,b'STC0020ta'
417,b'STC0020ua'
418,b'STC0020va'
419,b'STC0020wa'
420,b'STC0020xa'
421,b'STC0020ya'
422,b'STC0020za'
423,b'STC00210a'
424,b'STC00211a'
425,b'STC00212a'
426,b'STC00213a'
427,b'STC00215a'
428,b'STC00216a'
429,b'STC00217a'
430,b'STC00218a'
431,b'STC00219a'
432,b'STC0021Aa'
433,b'STC0021Ba'
434,b'STC0021Da'
435,b'STC0021Ea'
436,b'STC0021Fa'
437,b'STC0021Ga'
438,b'STC0021Ha'
439,b'STC0021Ia'
440,b'STC0021Ka'
441,b'STC0021Ma'
442,b'STC0021Na'
443,b'STC0021Oa'
444,b'STC0021Pa'
445,b'STC0021Qa'
446,b'STC0021Ra'
447,b'STC0021Sa'
448,b'STC0021Ta'
449,b'STC0021Ua'
450,b'STC0021Va'
451,b'STC0021Wa'
452,b'STC0021Xa'
453,b'STC0021Ya'
454,b'STC0021Za'
455,b'STC0021aa'
456,b'STC0021ba'
457,b'STC0021ca'
458,b'STC0021ea'
459,b'STC0021ha'
460,b'STC0021ia'
461,b'STC0021ka'
462,b'STC0021la'
463,b'STC0021na'
464,b'STC0021pa'
465,b'STC0021qa'
466,b'STC0021ra'
467,b'STC0021sa'
468,b'STC0021ua'
469,b'STC0021va'
470,b'STC0021wa'
471,b'STC0021xa'
472,b'STC0021ya'
473,b'STC0021za'
474,b'STC00220a'
475,b'STC00221a'
476,b'STC00222a'
477,b'STC00223a'
478,b'STC00224a'
479,b'STC00225a'
480,b'STC00226a'
481,b'STC00227a'
482,b'STC00228a'
483,b'STC00229a'
484,b'STC0022Aa'
485,b'STC0022Ba'
486,b'STC0022Ca'
487,b'STC0022Da'
488,b'STC0022Fa'
489,b'STC0022Ga'
490,b'STC0022Ha'
491,b'STC0022Ia'
492,b'STC0022Ja'
493,b'STC0022Ka'
494,b'STC0022La'
495,b'STC0022Na'
496,b'STC0022Pa'
497,b'STC0022Qa'
498,b'STC0022Ra'
499,b'STC0022Sa'
500,b'STC0022Ta'
501,b'STC0022Ua'
502,b'STC0022Va'
503,b'STC0022Wa'
504,b'STC0022Xa'
505,b'STC0022Ya'
506,b'STC0022Za'
507,b'STC0022aa'
508,b'STC0022ba'
509,b'STC0022ca'
510,b'STC0022da'
511,b'STC0022ea'
512,b'STC0022fa'
513,b'STC0022ga'
514,b'STC0022ha'
515,b'STC0022ia'
516,b'STC0022ja'
517,b'STC0022ka'
518,b'STC0022la'
519,b'STC0022ma'
520,b'STC0022na'
521,b'STC0022oa'
522,b'STC0022pa'
523,b'STC0022qa'
524,b'STC0022sa'
525,b'STC0022ta'
526,b'STC0022ua'
527,b'STC0022va'
528,b'STC0022wa'
529,b'STC0022xa'
530,b'STC0022ya'
531,b'STC0022za'
532,b'STC00230a'
533,b'STC00231a'
534,b'STC00232a'
535,b'STC00233a'
536,b'STC00234a'
537,b'STC00235a'
538,b'STC00236a'
539,b'STC00237a'
540,b'STC00239a'
541,b'STC0023Aa'
542,b'STC0023Ba'
543,b'STC0023Ca'
544,b'STC0023Da'
545,b'STC0023Ea'
546,b'STC0023Fa'
547,b'STC0023Ga'
548,b'STC0023Ha'
549,b'STC0023Ia'
550,b'STC0023Ja'
551,b'STC0023Ka'
552,b'STC0023La'
553,b'STC0023Na'
554,b'STC0023Pa'
555,b'STC0023Qa'
556,b'STC0023Ra'
557,b'STC0023Sa'
558,b'STC0023Ta'
559,b'STC0023Ua'
560,b'STC0023Va'
561,b'STC0023Wa'
562,b'STC0023Xa'
563,b'STC0023Ya'
564,b'STC0023Za'
565,b'STC0023aa'
566,b'STC0023ba'
567,b'STC0023da'
568,b'STC0023ea'
569,b'STC0023fa'
570,b'STC0023ga'
571,b'STC0023ha'
572,b'STC0023ia'
573,b'STC0023ja'
574,b'STC0023ka'
575,b'STC0023la'
576,b'STC0023ma'
577,b'STC0023na'
578,b'STC0023oa'
579,b'STC0023pa'
580,b'STC0023qa'
581,b'STC0023sa'
582,b'STC0023ta'
583,b'STC0023ua'
584,b'STC0023va'
585,b'STC0023wa'
586,b'STC0023xa'
587,b'STC0023ya'
588,b'STC0023za'
589,b'STC00240a'
590,b'STC00241a'
591,b'STC00242a'
592,b'STC00246a'
593,b'STC00248a'
594,b'STC00249a'
595,b'STC0024Aa'
596,b'STC0024Ba'
597,b'STC0024Ca'
598,b'STC0024Da'
599,b'STC0024Ea'
600,b'STC0024Fa'
601,b'STC0024Ga'
602,b'STC0024Ha'
603,b'STC0024Ia'
604,b'STC0024Ja'
605,b'STC0024Ka'
606,b'STC0024La'
607,b'STC0024Ma'
608,b'STC0024Na'
609,b'STC0024Oa'
610,b'STC0024Pa'
611,b'STC0024Qa'
612,b'STC0024Ra'
613,b'STC0024Sa'
614,b'STC0024Ta'
615,b'STC0024Ua'
616,b'STC0024Va'
617,b'STC0024Wa'
618,b'STC0024Xa'
619,b'STC0024Ya'
620,b'STC0024Za'
621,b'STC0024aa'
622,b'STC0024ba'
623,b'STC0024ca'
624,b'STC0024da'
625,b'STC0024ea'
626,b'STC0024fa'
627,b'STC0024ga'
628,b'STC0024ha'
629,b'STC0024ia'
630,b'STC0024ka'
631,b'STC0024la'
632,b'STC0024ma'
633,b'STC0024na'
634,b'STC0024oa'
635,b'STC0024pa'
636,b'STC0024qa'
637,b'STC0024ra'
638,b'STC0024ta'
639,b'STC0024ua'
640,b'STC0024va'
641,b'STC0024wa'
642,b'STC0024xa'
643,b'STC0024ya'
644,b'STC0024za'
645,b'STC00250a'
646,b'STC00251a'
647,b'STC00252a'
648,b'STC00253a'
649,b'STC00254a'
650,b'STC00256a'
651,b'STC00257a'
652,b'STC00258a'
653,b'STC00259a'
654,b'STC0025Ba'
655,b'STC0025Ca'
656,b'STC0025Da'
657,b'STC0025Ea'
658,b'STC0025Fa'
659,b'STC0025Ga'
660,b'STC0025Ha'
661,b'STC0025Ia'
662,b'STC0025Ja'
663,b'STC0025Ka'
664,b'STC0025La'
665,b'STC0025Na'
666,b'STC0025Oa'
667,b'STC0025Pa'
668,b'STC0025Qa'
669,b'STC0025Sa'
670,b'STC0025Ta'
671,b'STC0025Va'
672,b'STC0025Wa'
673,b'STC0025Ya'
674,b'STC0025Za'
675,b'STC0025aa'
676,b'STC0025ba'
677,b'STC0025ca'
678,b'STC0025da'
679,b'STC0025ea'
680,b'STC0025ga'
681,b'STC0025ha'
682,b'STC0025ia'
683,b'STC0025ja'
684,b'STC0025ka'
685,b'STC0025la'
686,b'STC0025ma'
687,b'STC0025oa'
688,b'STC0025pa'
689,b'STC0025qa'
690,b'STC0025ra'
691,b'STC0025sa'
692,b'STC0025ta'
693,b'STC0025ua'
694,b'STC0025va'
695,b'STC0025wa'
696,b'STC0025xa'
697,b'STC0025ya'
698,b'STC0025za'
699,b'STC00260a'
700,b'STC00261a'
701,b'STC00262a'
702,b'STC00263a'
703,b'STC00264a'
704,b'STC00265a'
705,b'STC00266a'
706,b'STC00267a'
707,b'STC00268a'
708,b'STC00269a'
709,b'STC0026Aa'
710,b'STC0026Ba'
711,b'STC0026Ca'
712,b'STC0026Da'
713,b'STC0026Ea'
714,b'STC0026Fa'
715,b'STC0026Ga'
716,b'STC0026Ha'
717,b'STC0026Ia'
718,b'STC0026Ja'
719,b'STC0026Ka'
720,b'STC0026La'
721,b'STC0026Ma'
722,b'STC0026Na'
723,b'STC0026Oa'
724,b'STC0026Pa'
725,b'STC0026Qa'
726,b'STC0026Ra'
727,b'STC0026Sa'
728,b'STC0026Ta'
729,b'STC0026Ua'
730,b'STC0026Va'
731,b'STC0026Wa'
732,b'STC0026Xa'
733,b'STC0026Ya'
734,b'STC0026Za'
735,b'STC0026aa'
736,b'STC0026ca'
737,b'STC0026da'
738,b'STC0026ea'
739,b'STC0026fa'
740,b'STC0026ga'
741,b'STC0026ha'
742,b'STC0026ia'
743,b'STC0026ja'
744,b'STC0026la'
745,b'STC0026ma'
746,b'STC0026na'
747,b'STC0026oa'
748,b'STC0026pa'
749,b'STC0026qa'
750,b'STC0026ra'
751,b'STC0026sa'
752,b'STC0026ta'
753,b'STC0026ua'
754,b'STC0026va'
755,b'STC0026wa'
756,b'STC0026xa'
757,b'STC0026za'
758,b'STC00270a'
759,b'STC00271a'
760,b'STC00275a'
761,b'STC00276a'
762,b'STC00277a'
763,b'STC00278a'
764,b'STC00279a'
765,b'STC0027Aa'
766,b'STC0027Ba'
767,b'STC0027Da'
768,b'STC0027Ea'
769,b'STC0027Fa'
770,b'STC0027Ga'
771,b'STC0027Ia'
772,b'STC0027Ja'
773,b'STC0027La'
774,b'STC0027Ma'
775,b'STC0027Na'
776,b'STC0027Oa'
777,b'STC0027Pa'
778,b'STC0027Qa'
779,b'STC0027Ra'
780,b'STC0027Sa'
781,b'STC0027Ta'
782,b'STC0027Ua'
783,b'STC0027Va'
784,b'STC0027Wa'
785,b'STC0027Xa'
786,b'STC0027Ya'
787,b'STC0027Za'
788,b'STC0027aa'
789,b'STC0027ba'
790,b'STC0027ca'
791,b'STC0027da'
792,b'STC0027ea'
793,b'STC0027fa'
794,b'STC0027ga'
795,b'STC0027ha'
796,b'STC0027ia'
797,b'STC0027ja'
798,b'STC0027ka'
799,b'STC0027ma'
800,b'STC0027na'
801,b'STC0027oa'
802,b'STC0027pa'
803,b'STC0027qa'
804,b'STC0027ra'
805,b'STC0027sa'
806,b'STC0027ta'
807,b'STC0027ua'
808,b'STC0027va'
809,b'STC0027wa'
810,b'STC0027xa'
811,b'STC0027ya'
812,b'STC0027za'
813,b'STC00280a'
814,b'STC00281a'
815,b'STC00282a'
816,b'STC00283a'
817,b'STC00284a'
818,b'STC00285a'
819,b'STC00286a'
820,b'STC00288a'
821,b'STC00289a'
822,b'STC0028Aa'
823,b'STC0028Ba'
824,b'STC0028Ca'
825,b'STC0028Da'
826,b'STC0028Ea'
827,b'STC0028Fa'
828,b'STC0028Ga'
829,b'STC0028Ia'
830,b'STC0028Ja'
831,b'STC0028Ka'
832,b'STC0028La'
833,b'STC0028Ma'
834,b'STC0028Na'
835,b'STC0028Oa'
836,b'STC0028Pa'
837,b'STC0028Qa'
838,b'STC0028Ra'
839,b'STC0028Sa'
840,b'STC0028Ta'
841,b'STC0028Ua'
842,b'STC0028Va'
843,b'STC0028Xa'
844,b'STC0028Ya'
845,b'STC0028Za'
846,b'STC0028aa'
847,b'STC0028ba'
848,b'STC0028ca'
849,b'STC0028ea'
850,b'STC0028fa'
851,b'STC0028ga'
852,b'STC0028ha'
853,b'STC0028ia'
854,b'STC0028ja'
855,b'STC0028ka'
856,b'STC0028la'
857,b'STC0028ma'
858,b'STC0028na'
859,b'STC0028oa'
860,b'STC0028pa'
861,b'STC0028ra'
862,b'STC0028ua'
863,b'STC0028va'
864,b'STC0028wa'
865,b'STC0028xa'
866,b'STC0028ya'
867,b'STC0028za'
868,b'STC00290a'
869,b'STC00291a'
870,b'STC00292a'
871,b'STC00293a'
872,b'STC00294a'
873,b'STC00295a'
874,b'STC00296a'
875,b'STC00297a'
876,b'STC00298a'
877,b'STC00299a'
878,b'STC0029Aa'
879,b'STC0029Ba'
880,b'STC0029Ca'
881,b'STC0029Da'
882,b'STC0029Ea'
883,b'STC0029Fa'
884,b'STC0029Ga'
885,b'STC0029Ha'
886,b'STC0029Ia'
887,b'STC0029Ja'
888,b'STC0029Ka'
889,b'STC0029La'
890,b'STC0029Ma'
891,b'STC0029Na'
892,b'STC0029Oa'
893,b'STC0029Pa'
894,b'STC0029Qa'
895,b'STC0029Ra'
896,b'STC0029aa'
897,b'STC0029ba'
898,b'STC0029ca'
899,b'STC0029da'
900,b'STC0029ea'
901,b'STC0029fa'
902,b'STC0029ga'
903,b'STC0029ha'
904,b'STC0029ia'
905,b'STC0029ja'
906,b'STC0029ka'
907,b'STC0029la'
908,b'STC0029ma'
909,b'STC0029na'
910,b'STC0029oa'
911,b'STC0029pa'
912,b'STC0029ra'
913,b'STC0029sa'
914,b'STC0029ua'
915,b'STC0029va'
916,b'STC0029wa'
917,b'STC0029xa'
918,b'STC0029ya'
919,b'STC0029za'
